0.0,nan,29.0,nan
0.01,29.19761627894152,4990.0,29.19700172546383
0.03,29.22446718641037,4996.0,29.223895651124366
0.05,29.199199462046607,4999.0,29.199199462046607
0.075,29.244357252242253,4998.0,29.24339034726128
0.1,29.220992148564363,4997.0,29.220782227760317
