0.0,nan,25.0,nan
0.01,26.024616969005688,4999.0,26.024616969005688
0.03,26.034611947671177,4999.0,26.034611947671177
0.05,25.996938536415396,4999.0,25.996938536415396
0.075,25.966119721392523,4999.0,25.966119721392523
0.1,26.054312861869487,4999.0,26.054312861869487
